country_name,country_official_name,capital,flag_desc,flag_png,population
Afghanistan,Islamic Republic of Afghanistan,Kabul,The flag of the Islamic Emirate of Afghanistan has a white field with Arabic inscriptions — the Shahada — in black across its center.,https://upload.wikimedia.org/wikipedia/commons/thumb/5/5c/Flag_of_the_Taliban.svg/320px-Flag_of_the_Taliban.svg.png,43844000
Albania,Republic of Albania,Tirana,The flag of Albania features a silhouetted double-headed black eagle at the center of a red field.,https://flagcdn.com/w320/al.png,2363314
Algeria,People's Democratic Republic of Algeria,Algiers,The flag of Algeria features two equal vertical bands of green and white. A five-pointed red star within a fly-side facing red crescent is centered over the two-color boundary.,https://flagcdn.com/w320/dz.png,47400000
American Samoa,American Samoa,Pago Pago,"The flag of American Samoa features a large white triangle edged in red that is based on the fly side and extends to the hoist side and is charged with an eagle, all on a blue field.",https://flagcdn.com/w320/as.png,49710
Andorra,Principality of Andorra,Andorra la Vella,"The flag of Andorra features three equal vertical bands of blue, yellow and red, with the coat of arms of Andorra centered in the yellow band.",https://flagcdn.com/w320/ad.png,88406
Angola,Republic of Angola,Luanda,"The flag of Angola features two equal horizontal bands of red and black, with a yellow emblem at its centre. This emblem consists of a five-pointed star within the hoist-side facing half of a cogwheel that is crossed on its lower end by a machete.",https://flagcdn.com/w320/ao.png,36170961
Anguilla,Anguilla,The Valley,"The flag of Anguilla is blue, with the flag of the UK in the canton and the national coat of arms centered in the fly half. The coat of arms depicts three orange dolphins in an interlocking circular design on a white background with a turquoise-blue field below.",https://flagcdn.com/w320/ai.png,16010
Antarctica,Antarctica,no data,The flag of Antarctica features a plain white map of the country on a blue background.,https://flagcdn.com/w320/aq.png,1300
Antigua and Barbuda,Antigua and Barbuda,Saint John's,"The flag of Antigua and Barbuda has a red field with an inverted isosceles triangle based on the top edge and spanning the height of the field. This triangle has three horizontal bands of black, light blue and white, with the light blue band half the height of the two other bands. The top half of a golden-yellow sun is situated in the lower two-third of the black band to depict a rising sun.",https://flagcdn.com/w320/ag.png,103603
Argentina,Argentine Republic,Buenos Aires,"The flag of Argentina features three equal horizontal bands of light blue, white and light blue. A brown-edged golden sun is centered in the white band.",https://flagcdn.com/w320/ar.png,46735004
Armenia,Republic of Armenia,Yerevan,"The flag of Armenia is composed of three equal horizontal bands of red, blue and orange.",https://flagcdn.com/w320/am.png,3076200
Aruba,Aruba,Oranjestad,"The flag of Aruba is blue, with two narrow, horizontal yellow stripes across the lower portion and a red four-pointed star outlined in white in the canton.",https://flagcdn.com/w320/aw.png,107566
Australia,Commonwealth of Australia,Canberra,"The flag of Australia has a dark blue field. It features the flag of the United Kingdom — the Union Jack — in the canton, beneath which is a large white seven-pointed star. A representation of the Southern Cross constellation, made up of one small five-pointed and four larger seven-pointed white stars, is situated on the fly side of the field.",https://flagcdn.com/w320/au.png,27536874
Austria,Republic of Austria,Vienna,"The flag of Austria is composed of three equal horizontal bands of red, white and red.",https://flagcdn.com/w320/at.png,9200931
Azerbaijan,Republic of Azerbaijan,Baku,"The flag of Azerbaijan features three equal horizontal bands of blue, red and green, with a white fly-side facing crescent and eight-pointed star centered in the red band.",https://flagcdn.com/w320/az.png,10241722
Bahamas,Commonwealth of the Bahamas,Nassau,"The flag of the Bahamas is composed of three equal horizontal bands of aquamarine, yellow and aquamarine, with a black equilateral triangle superimposed on the hoist side of the field. This triangle has its base on the hoist end and spans about one-third the width of the field.",https://flagcdn.com/w320/bs.png,398165
Bahrain,Kingdom of Bahrain,Manama,"The flag of Bahrain has a red field. On the hoist side, it features a white vertical band that spans about one-third the width of the field and is separated from the rest of the field by five adjoining fly-side pointing white isosceles triangles that serve as a serrated line.",https://flagcdn.com/w320/bh.png,1594654
Bangladesh,People's Republic of Bangladesh,Dhaka,The flag of Bangladesh has a dark green field bearing a large red circle that is offset slightly towards the hoist side of center.,https://flagcdn.com/w320/bd.png,169828911
Barbados,Barbados,Bridgetown,"The flag of Barbados is composed of three equal vertical bands of ultramarine, gold and ultramarine. The head of a black trident is centered in the gold band.",https://flagcdn.com/w320/bb.png,267800
Belarus,Republic of Belarus,Minsk,"The flag of Belarus features a vertical band, with a white and red ornamental pattern, spanning about one-fifth the width of the field on the hoist side. Adjoining the vertical band are two horizontal bands of red and green, with the red band twice the height of the green band.",https://flagcdn.com/w320/by.png,9109280
Belgium,Kingdom of Belgium,Brussels,"The flag of Belgium is composed of three equal vertical bands of black, yellow and red.",https://flagcdn.com/w320/be.png,11825551
Belize,Belize,Belmopan,The flag of Belize has a royal blue field with a thin red horizontal band at the top and bottom of the field and the national coat of arms in the center.,https://flagcdn.com/w320/bz.png,417634
Benin,Republic of Benin,Porto-Novo,The flag of Benin features a green vertical band on its hoist side that takes up about two-fifth the width of the field and two equal horizontal bands of yellow and red adjoining the vertical band.,https://flagcdn.com/w320/bj.png,13224860
Bermuda,Bermuda,Hamilton,"The flag of Bermuda is red, with the UK flag in the canton and the national coat of arms centered in the fly half. The coat of arms is a white shield with a red lion on a green field, holding a scrolled shield showing the sinking of a ship.",https://flagcdn.com/w320/bm.png,64055
Bhutan,Kingdom of Bhutan,Thimphu,"The flag of Bhutan is divided diagonally, from the lower hoist-side corner to the upper fly-side corner, into an upper yellow and a lower orange triangle. A fly-side facing white dragon holding four jewels in its claws is situated along the boundary of the two triangles.",https://flagcdn.com/w320/bt.png,784043
Bolivia,Plurinational State of Bolivia,Sucre,"The flag of Bolivia is composed of three equal horizontal bands of red, yellow and green, with the national coat of arms centered in the yellow band.",https://flagcdn.com/w320/bo.png,11365333
Bosnia and Herzegovina,Bosnia and Herzegovina,Sarajevo,"The flag of Bosnia and Herzegovina has a blue field, at the center of which is a large yellow hoist-side facing right-angled triangle that is based on the top edge and spans the height of the field. Adjacent to the hypotenuse of this triangle are nine adjoining five-pointed white stars with the top and bottom stars cut in half by the edges of the field.",https://flagcdn.com/w320/ba.png,3422000
Botswana,Republic of Botswana,Gaborone,The flag of Botswana has a light blue field with a white-edged black horizontal band across its center.,https://flagcdn.com/w320/bw.png,2359609
Bouvet Island,Bouvet Island,no data,The flag of Bouvet Island has a red field with a large white-edged navy blue cross that extends to the edges of the field. The vertical part of this cross is offset towards the hoist side.,https://flagcdn.com/w320/bv.png,0
Brazil,Federative Republic of Brazil,Brasília,The flag of Brazil has a green field with a large yellow rhombus in the center. Within the rhombus is a dark blue globe with twenty-seven small five-pointed white stars depicting a starry sky and a thin white convex horizontal band inscribed with the national motto 'Ordem e Progresso' across its center.,https://flagcdn.com/w320/br.png,213421037
British Indian Ocean Territory,British Indian Ocean Territory,Diego Garcia,"The flag of the British Indian Ocean Territory is white with six blue, wavy, horizontal stripes. The UK flag is in the canton. The striped section has a palm tree and yellow crown centered in the fly half.",https://flagcdn.com/w320/io.png,0
British Virgin Islands,Virgin Islands,Road Town,"The flag of the British Virgin Islands is blue with the UK flag in the canton and the national coat of arms centered in the fly half. The coat of arms depicts a woman flanked by vertical columns of six oil lamps above a scroll bearing the Latin word ""VIGILATE"" (Be Watchful).",https://flagcdn.com/w320/vg.png,39471
Brunei,"Nation of Brunei, Abode of Peace",Bandar Seri Begawan,The flag of Brunei has a yellow field with two adjoining diagonal bands of white and black that extend from the upper hoist side of the field to the lower fly side. The red emblem of Brunei is centered on the field.,https://flagcdn.com/w320/bn.png,455500
Bulgaria,Republic of Bulgaria,Sofia,"The flag of Bulgaria is composed of three equal horizontal bands of white, green and red.",https://flagcdn.com/w320/bg.png,6437360
Burkina Faso,Burkina Faso,Ouagadougou,"The flag of Burkina Faso features two equal horizontal bands of red and green, with a yellow five-pointed star in the center.",https://flagcdn.com/w320/bf.png,24070553
Burundi,Republic of Burundi,Gitega,"The flag of Burundi is divided by a white diagonal cross into four alternating triangular areas of red at the top and bottom, and green on the hoist and fly sides. A white circle, with three green-edged red six-pointed stars arranged to form a triangle, is superimposed at the center of the cross.",https://flagcdn.com/w320/bi.png,12332788
Cambodia,Kingdom of Cambodia,Phnom Penh,"The flag of Cambodia features three horizontal bands of blue, red and blue, with a white depiction of the temple complex, Angkor Wat centered in the red band.",https://flagcdn.com/w320/kh.png,17577760
Cameroon,Republic of Cameroon,Yaoundé,"The flag of Cameroon is composed of three equal vertical bands of green, red and yellow, with a yellow five-pointed star in the center.",https://flagcdn.com/w320/cm.png,29442327
Canada,Canada,Ottawa,The flag of Canada is composed of a red vertical band on the hoist and fly sides and a central white square that is twice the width of the vertical bands. A large eleven-pointed red maple leaf is centered in the white square.,https://flagcdn.com/w320/ca.png,41651653
Cape Verde,Republic of Cabo Verde,Praia,"The flag of Cape Verde is composed of five horizontal bands of blue, white, red, white and blue in the ratio of 6:1:1:1:3. A ring of ten five-pointed yellow stars is centered at three-eighth of the height from the bottom edge and three-eighth of the width from the hoist end of the field.",https://flagcdn.com/w320/cv.png,491233
Caribbean Netherlands,"Bonaire, Sint Eustatius and Saba",Kralendijk,"The flag of the Caribbean Netherlands features a large blue triangle at the lower fly-side corner, spanning half the flag, and a smaller yellow triangle at the opposite corner, separated by a white strip containing a black compass surrounding a red six-pointed star.",https://flagcdn.com/w320/bq.png,31980
Cayman Islands,Cayman Islands,George Town,"The flag of the Cayman Islands is composed of a blue field with the UK flag in the canton and the national coat of arms centered on the fly half. The coat of arms includes a crest with a pineapple and a turtle above a shield bearing a golden lion. Below are three green stars over white and blue wavy lines. A scroll below the shield bears the motto ""HE HATH FOUNDED IT UPON THE SEAS.""",https://flagcdn.com/w320/ky.png,84738
Central African Republic,Central African Republic,Bangui,"The flag of Central African Republic is composed of four equal horizontal bands of blue, white, green and yellow intersected at the center by a vertical red band of equal size as the horizontal bands. A yellow five-pointed star is situated on the hoist side of the blue band.",https://flagcdn.com/w320/cf.png,6470307
Chad,Republic of Chad,N'Djamena,"The flag of Chad is composed of three equal vertical bands of blue, gold and red.",https://flagcdn.com/w320/td.png,19340757
Chile,Republic of Chile,Santiago,"The flag of Chile is composed of two equal horizontal bands of white and red, with a blue square of the same height as the white band superimposed in the canton. A white five-pointed star is centered in the blue square.",https://flagcdn.com/w320/cl.png,20206953
China,People's Republic of China,Beijing,The flag of China has a red field. In the canton are five yellow five-pointed stars — a large star and four smaller stars arranged in a vertical arc on the fly side of the large star.,https://flagcdn.com/w320/cn.png,1408280000
Christmas Island,Territory of Christmas Island,Flying Fish Cove,The flag of Christmas Island is divided diagonally from upper hoist side to lower fly side. The upper triangle is green with a yellow image of a Golden Bosun Bird. The lower triangle is blue with the Southern Cross constellation. A centered yellow disk displays a green map of the country.,https://flagcdn.com/w320/cx.png,1692
Cocos (Keeling) Islands,Territory of the Cocos (Keeling) Islands,West Island,"The flag of the Cocos (Keeling) Islands consists of a green field with a palm tree on a gold disc in the canton, a gold crescent moon in the center of the flag, and a gold southern cross in the fly side.",https://flagcdn.com/w320/cc.png,593
Colombia,Republic of Colombia,Bogotá,"The flag of Colombia is composed of three horizontal bands of yellow, blue and red, with the yellow band twice the height of the other two bands.",https://flagcdn.com/w320/co.png,53057212
Comoros,Union of the Comoros,Moroni,"The flag of Comoros is composed of four equal horizontal bands of yellow, white, red and blue, with a green isosceles triangle superimposed on the hoist side of the field. This triangle has its base on the hoist end, spans about two-fifth the width of the field and bears a fly-side facing white crescent and four five-pointed white stars arranged in a vertical line along the opening of the crescent.",https://flagcdn.com/w320/km.png,919901
Cook Islands,Cook Islands,Avarua,The flag of the Cook Islands is blue with the UK flag in the canton and a large circle of 15 white five-pointed stars centered in the fly.,https://flagcdn.com/w320/ck.png,15040
Costa Rica,Republic of Costa Rica,San José,"The flag of Costa Rica is composed of five horizontal bands of blue, white, red, white and blue. The central red band is twice the height of the other four bands. The national coat of arms is placed in a white elliptical disk toward the hoist side of the red band.",https://flagcdn.com/w320/cr.png,5309625
Croatia,Republic of Croatia,Zagreb,"The flag of Croatia is composed of three equal horizontal bands of red, white and blue, with the coat of arms of Croatia superimposed in the center.",https://flagcdn.com/w320/hr.png,3866233
Cuba,Republic of Cuba,Havana,"The flag of Cuba is composed of five equal horizontal bands of blue alternating with white and a red equilateral triangle superimposed on the hoist side of the field. The triangle has its base on the hoist end, spans about two-fifth the width of the field and bears a white five-pointed star at its center.",https://flagcdn.com/w320/cu.png,9748007
Curaçao,Country of Curaçao,Willemstad,"The flag of Curaçao shows a blue field, on which a horizontal yellow band below the center divides the flag. Two five-pointed white stars, the smaller above and to the left of the larger, appear in the canton.",https://flagcdn.com/w320/cw.png,156115
Cyprus,Republic of Cyprus,Nicosia,"The flag of Cyprus has a white field, at the center of which is a copper-colored silhouette of the Island of Cyprus above two green olive branches crossed at the stem.",https://flagcdn.com/w320/cy.png,1442614
Czechia,Czech Republic,Prague,"The flag of Czechia is composed of two equal horizontal bands of white and red, with a blue isosceles triangle superimposed on the hoist side of the field. The triangle has its base on the hoist end and spans about two-fifth the width of the field.",https://flagcdn.com/w320/cz.png,10882341
DR Congo,Democratic Republic of the Congo,Kinshasa,The flag of the Democratic Republic of the Congo has a sky-blue field with a yellow-edged red diagonal band that extends from the lower hoist-side corner to the upper fly-side corner of the field. A large five-pointed yellow star is situated above the diagonal band on the upper hoist side of the field.,https://flagcdn.com/w320/cd.png,112832000
Denmark,Kingdom of Denmark,Copenhagen,The flag of Denmark has a red field with a large white cross that extend to the edges of the field. The vertical part of this cross is offset towards the hoist side.,https://flagcdn.com/w320/dk.png,6011488
Djibouti,Republic of Djibouti,Djibouti,"The flag of Djibouti is composed of two equal horizontal bands of light blue and light green, with a white isosceles triangle superimposed on the hoist side of the field. The triangle has its base on the hoist end, spans about two-fifth the width of the field and bears a red five-pointed star at its center.",https://flagcdn.com/w320/dj.png,1066809
Dominica,Commonwealth of Dominica,Roseau,"The flag of Dominica has a green field with a large centered tricolor cross. The vertical and horizontal parts of the cross each comprise three bands of yellow, black and white. A red circle, bearing a hoist-side facing purple Sisserou parrot standing on a twig and encircled by ten five-pointed yellow-edged green stars, is superimposed at the center of the cross.",https://flagcdn.com/w320/dm.png,67408
Dominican Republic,Dominican Republic,Santo Domingo,The flag of the Dominican Republic is divided into four rectangles by a centered white cross that extends to the edges of the field and bears the national coat of arms in its center. The upper hoist-side and lower fly-side rectangles are blue and the lower hoist-side and upper fly-side rectangles are red.,https://flagcdn.com/w320/do.png,10771504
Ecuador,Republic of Ecuador,Quito,"The flag of Ecuador is composed of the horizontal bands of yellow, blue and red, with the yellow band twice the height of the other two bands. The Ecuadorian coat of arms is superimposed in the center of the field.",https://flagcdn.com/w320/ec.png,18103660
Egypt,Arab Republic of Egypt,Cairo,"The flag of Egypt is composed of three equal horizontal bands of red, white and black, with Egypt's national emblem — a hoist-side facing gold eagle of Saladin — centered in the white band.",https://flagcdn.com/w320/eg.png,107271260
El Salvador,Republic of El Salvador,San Salvador,"The flag of El Salvador is composed of three equal horizontal bands of cobalt blue, white and cobalt blue, with the national coat of arms centered in the white band.",https://flagcdn.com/w320/sv.png,6029976
Equatorial Guinea,Republic of Equatorial Guinea,Ciudad de la Paz,"The flag of Equatorial Guinea is composed of three equal horizontal bands of green, white and red with the national coat of arms centered in the white band and an isosceles triangle superimposed on the hoist side of the field. The triangle is light blue, has its base on the hoist end and spans about one-fifth the width of the field.",https://flagcdn.com/w320/gq.png,1668768
Eritrea,State of Eritrea,Asmara,"The flag of Eritrea comprises three triangles — a large red isosceles triangle with its base spanning the hoist end and its apex at the midpoint on the fly end, and a green and blue right-angled triangle above and beneath the red triangle. On the hoist side of the red triangle is a golden vertical olive branch encircled by a golden olive wreath.",https://flagcdn.com/w320/er.png,3607000
Estonia,Republic of Estonia,Tallinn,"The flag of Estonia is composed of three equal horizontal bands of blue, black and white.",https://flagcdn.com/w320/ee.png,1369995
Eswatini,Kingdom of Eswatini,Mbabane,"The flag of Eswatini is composed of three horizontal bands — a large central yellow-edged red band, and a light blue band above and beneath the red band. The red band is three times the height of the blue bands and bears a centered emblem made up of a large black and white Nguni shield covering two spears and a staff decorated with feather tassels, all placed horizontally.",https://flagcdn.com/w320/sz.png,1235549
Ethiopia,Federal Democratic Republic of Ethiopia,Addis Ababa,"The flag of Ethiopia is composed of three equal horizontal bands of green, yellow and red, with the national emblem superimposed at the center of the field. The national emblem comprises a light blue circle bearing a golden-yellow pentagram with single yellow rays emanating from the angles between the points of the pentagram.",https://flagcdn.com/w320/et.png,111652998
Falkland Islands,Falkland Islands,Stanley,"The flag of the Falkland Islands is blue with the UK flag in the canton and the national coat of arms centered in the fly half. The coat of arms has a white ram above a ship, with a scroll at the bottom bearing the motto ""DESIRE THE RIGHT.""",https://flagcdn.com/w320/fk.png,3662
Faroe Islands,Faroe Islands,Tórshavn,The flag of the Faroe Islands is white with a red cross outlined in blue extending to the edges of the flag. The vertical part of the cross is shifted toward the hoist side.,https://flagcdn.com/w320/fo.png,54885
Fiji,Republic of Fiji,Suva,The flag of Fiji has a light blue field. It features the flag of the United Kingdom — the Union Jack — in the canton and the shield of the national coat of arms centered in the fly half.,https://flagcdn.com/w320/fj.png,900869
Finland,Republic of Finland,Helsinki,The flag of Finland has a white field with a large blue cross that extend to the edges of the field. The vertical part of this cross is offset towards the hoist side.,https://flagcdn.com/w320/fi.png,5650325
France,French Republic,Paris,"The flag of France is composed of three equal vertical bands of blue, white and red.",https://flagcdn.com/w320/fr.png,66351959
French Guiana,Guiana,Cayenne,The flag of French Guiana divides diagonally with green in the upper fly and yellow in the lower hoist and bears a red five-pointed star in the center.,https://flagcdn.com/w320/gf.png,292354
French Polynesia,French Polynesia,Papeetē,The flag of French Polynesia has two red horizontal bands flanking a wide white band in a 1:2:1 ratio. Centered on the white band is a disk with a blue-and-white wave pattern depicting the sea on the lower half and a gold-and-white ray pattern depicting the sun on the upper half. A canoe on the disk has a crew of five.,https://flagcdn.com/w320/pf.png,279500
French Southern and Antarctic Lands,Territory of the French Southern and Antarctic Lands,Port-aux-Français,"The flag of the French Southern and Antarctic Lands is blue and features the French tricolor in the canton, often displayed with a white border. In the lower fly, the letters T.A.A.F. form a monogram in white, which is stylized to resemble an anchor. The monogram is surrounded by five white stars.",https://flagcdn.com/w320/tf.png,400
Gabon,Gabonese Republic,Libreville,"The flag of Gabon is composed of three equal horizontal bands of green, yellow and blue.",https://flagcdn.com/w320/ga.png,2469296
Gambia,Republic of the Gambia,Banjul,"The flag of Gambia is composed of three equal horizontal bands of red, blue with white top and bottom edges, and green.",https://flagcdn.com/w320/gm.png,2422712
Georgia,Georgia,Tbilisi,The flag of Georgia has a white field with a large centered red cross that extends to the edges and divides the field into four quarters. A small red Bolnur-Katskhuri cross is centered in each quarter.,https://flagcdn.com/w320/ge.png,4000921
Germany,Federal Republic of Germany,Berlin,"The flag of Germany is composed of three equal horizontal bands of black, red and gold.",https://flagcdn.com/w320/de.png,83491249
Ghana,Republic of Ghana,Accra,"The flag of Ghana is composed of three equal horizontal bands of red, gold and green, with a five-pointed black star centered in the gold band.",https://flagcdn.com/w320/gh.png,33742380
Gibraltar,Gibraltar,Gibraltar,"The flag of Gibraltar has two horizontal bands of white (double-width) and red, with a three-towered red castle in the center of the white band. A gold key hangs from the castle gate and is centered in the red band.",https://flagcdn.com/w320/gi.png,38000
Greece,Hellenic Republic,Athens,The flag of Greece is composed of nine equal horizontal bands of blue alternating with white. A blue square bearing a white cross is superimposed in the canton.,https://flagcdn.com/w320/gr.png,10400720
Greenland,Greenland,Nuuk,"The flag of Greenland has two equal horizontal bands of white and red, with a large disk slightly to the hoist side of center. The top half of the disk is red, and the bottom half is white.",https://flagcdn.com/w320/gl.png,56542
Grenada,Grenada,St. George's,"The flag of Grenada features a large central rectangular area surrounded by a red border, with three five-pointed yellow stars centered on the top and bottom borders. The central rectangle is divided diagonally into four alternating triangular areas of yellow at the top and bottom and green on the hoist and fly sides, and a five-pointed yellow star on a red circle is superimposed at its center. A symbolic nutmeg pod is situated on the green hoist-side triangle.",https://flagcdn.com/w320/gd.png,109021
Guadeloupe,Guadeloupe,Basse-Terre,"The flag of Guadeloupe has a black field with a 30-rayed yellow sun in front of a green sugarcane, as well as a blue stripe with three yellow fleurs-de-lis on the top.",https://flagcdn.com/w320/gp.png,378561
Guam,Guam,Hagåtña,"The flag of Guam is dark blue with a narrow red border on all four sides. Centered is a red-bordered, pointed, vertical ellipse containing a beach scene, a proa (outrigger canoe with sail), and a palm tree. The country's name in red is centered in the ellipse.",https://flagcdn.com/w320/gu.png,153836
Guatemala,Republic of Guatemala,Guatemala City,"The flag of Guatemala is composed of three equal vertical bands of light blue, white and light blue, with the national coat of arms centered in the white band.",https://flagcdn.com/w320/gt.png,18079810
Guernsey,Bailiwick of Guernsey,St. Peter Port,The flag of Guernsey is white with a red cross extending to the edges. Superimposed on it is a gold equal-armed cross capped with serifs.,https://flagcdn.com/w320/gg.png,64781
Guinea,Republic of Guinea,Conakry,"The flag of Guinea is composed of three equal vertical bands of red, yellow and green.",https://flagcdn.com/w320/gn.png,14363931
Guinea-Bissau,Republic of Guinea-Bissau,Bissau,"The flag of Guinea-Bissau features a red vertical band on its hoist side that takes up about two-fifth the width of the field, and two equal horizontal bands of yellow and green adjoining the vertical band. A five-pointed black star is centered in the vertical band.",https://flagcdn.com/w320/gw.png,1781308
Guyana,Co-operative Republic of Guyana,Georgetown,The flag of Guyana has a green field with two isosceles triangles which share a common base on the hoist end. The smaller black-edged red triangle spanning half the width of the field is superimposed on the larger white-edged yellow triangle which spans the full width of the field.,https://flagcdn.com/w320/gy.png,772975
Haiti,Republic of Haiti,Port-au-Prince,The flag of Haiti is composed of two equal horizontal bands of blue and red. A white square bearing the national coat of arms is superimposed at the center of the field.,https://flagcdn.com/w320/ht.png,11867032
Heard Island and McDonald Islands,Heard Island and McDonald Islands,no data,"The flag of Heard Island and McDonald Islands has a dark blue field. It features the flag of the United Kingdom — the Union Jack — in the canton, beneath which is a large white seven-pointed star. A representation of the Southern Cross constellation, made up of one small five-pointed and four larger seven-pointed white stars, is situated on the fly side of the field.",https://flagcdn.com/w320/hm.png,0
Honduras,Republic of Honduras,Tegucigalpa,"The flag of Honduras is composed of three equal horizontal bands of turquoise, white and turquoise, with five small five-pointed turquoise stars arranged in a quincuncial pattern at the center of the white band.",https://flagcdn.com/w320/hn.png,9892632
Hong Kong,Hong Kong Special Administrative Region of the People's Republic of China,City of Victoria,"The flag of Hong Kong is red with a stylized, five-petal, white Bauhinia flower in the center. Each petal has a small, five-pointed red star.",https://flagcdn.com/w320/hk.png,7527500
Hungary,Hungary,Budapest,"The flag of Hungary is composed of three equal horizontal bands of red, white and green.",https://flagcdn.com/w320/hu.png,9539502
Iceland,Iceland,Reykjavik,The flag of Iceland has a blue field with a large white-edged red cross that extends to the edges of the field. The vertical part of this cross is offset towards the hoist side.,https://flagcdn.com/w320/is.png,391810
India,Republic of India,New Delhi,"The flag of India is composed of three equal horizontal bands of saffron, white and green. A navy blue wheel with twenty-four spokes — the Ashoka Chakra — is centered in the white band.",https://flagcdn.com/w320/in.png,1417492000
Indonesia,Republic of Indonesia,Jakarta,The flag of Indonesia is composed of two equal horizontal bands of red and white.,https://flagcdn.com/w320/id.png,284438782
Iran,Islamic Republic of Iran,Tehran,"The flag of Iran is composed of three equal horizontal bands of green, white and red. A red emblem of Iran is centered in the white band and Arabic inscriptions in white span the bottom edge of the green band and the top edge of the red band.",https://flagcdn.com/w320/ir.png,85961000
Iraq,Republic of Iraq,Baghdad,"The flag of Iraq is composed of three equal horizontal bands of red, white and black. In the central white band are Arabic inscriptions in green.",https://flagcdn.com/w320/iq.png,46118793
Ireland,Republic of Ireland,Dublin,"The flag of Ireland is composed of three equal vertical bands of green, white and orange.",https://flagcdn.com/w320/ie.png,5458600
Isle of Man,Isle of Man,Douglas,The flag of the Isle of Man is red with an emblem comprising three legs (triskelion) in the center. The three legs are joined at the thigh and bent at the knee.,https://flagcdn.com/w320/im.png,84530
Israel,State of Israel,Jerusalem,The flag of Israel has a white field with a blue hexagram — the Magen David — centered between two equal horizontal blue bands situated near the top and bottom edges of the field.,https://flagcdn.com/w320/il.png,10134800
Italy,Italian Republic,Rome,"The flag of Italy is composed of three equal vertical bands of green, white and red.",https://flagcdn.com/w320/it.png,58927633
Ivory Coast,Republic of Côte d'Ivoire,Yamoussoukro,"The flag of Ivory Coast is composed of three equal vertical bands of orange, white and green.",https://flagcdn.com/w320/ci.png,31719275
Jamaica,Jamaica,Kingston,"The flag of Jamaica is divided by a gold diagonal cross into four alternating triangular areas of green at the top and bottom, and black on the hoist and fly sides.",https://flagcdn.com/w320/jm.png,2825544
Japan,Japan,Tokyo,The flag of Japan features a crimson-red circle at the center of a white field.,https://flagcdn.com/w320/jp.png,123210000
Jersey,Bailiwick of Jersey,Saint Helier,"The flag of Jersey is white with a diagonal red cross extending to the corners of the flag. A red shield with three lions in yellow is in the upper quadrant, with a yellow crown above.",https://flagcdn.com/w320/je.png,103267
Jordan,Hashemite Kingdom of Jordan,Amman,"The flag of Jordan is composed of three equal horizontal bands of black, white and green, with a red isosceles triangle superimposed on the hoist side of the field. This triangle has its base on the hoist end, spans about half the width of the field and bears a small seven-pointed white star at its center.",https://flagcdn.com/w320/jo.png,11734000
Kazakhstan,Republic of Kazakhstan,Astana,"The flag of Kazakhstan has a turquoise field, at the center of which is a gold sun with thirty-two rays above a soaring golden steppe eagle. A thin vertical band displays a national ornamental pattern — koshkar-muiz — in gold near the hoist end.",https://flagcdn.com/w320/kz.png,20426568
Kenya,Republic of Kenya,Nairobi,"The flag of Kenya is composed of three equal horizontal bands of black, red with white top and bottom edges, and green. An emblem comprising a red, black and white Maasai shield covering two crossed white spears is superimposed at the center of the field.",https://flagcdn.com/w320/ke.png,53330978
Kiribati,Independent and Sovereign Republic of Kiribati,South Tarawa,"The flag of Kiribati is divided into two halves. While the upper half has a red field, at the center of which is a yellow frigate bird flying over the top half of a rising yellow sun with seventeen visible rays, the lower half is composed of six horizontal wavy bands of white alternating with blue to depict the ocean.",https://flagcdn.com/w320/ki.png,120740
Kosovo,Republic of Kosovo,Pristina,"The flag of Kosovo has a dark blue field with a gold-colored silhouette of the country in the center, with six five-pointed white stars in a slight arc over it.",https://flagcdn.com/w320/xk.png,1585566
Kuwait,State of Kuwait,Kuwait City,"The flag of Kuwait is composed of three equal horizontal bands of green, white and red, with a black trapezium superimposed on the hoist side of the field. This trapezium has its base on the hoist end and spans about one-fourth the width of the field.",https://flagcdn.com/w320/kw.png,4881254
Kyrgyzstan,Kyrgyz Republic,Bishkek,The flag of Kyrgyzstan features a yellow sun with forty rays at the center of a red field. At the center of the sun is a stylized depiction of a tunduk.,https://flagcdn.com/w320/kg.png,7281800
Laos,Lao People's Democratic Republic,Vientiane,"The flag of Laos is composed of three horizontal bands of red, blue and red. The blue band is twice the height of the red bands and bears a white circle at its center.",https://flagcdn.com/w320/la.png,7647000
Latvia,Republic of Latvia,Riga,The flag of Latvia has a carmine-red field with a thin white horizontal band across the middle of the field.,https://flagcdn.com/w320/lv.png,1829000
Lebanon,Lebanese Republic,Beirut,"The flag of Lebanon is composed of three horizontal bands of red, white and red. The white band is twice the height of the red bands and bears a green Lebanese Cedar tree at its center.",https://flagcdn.com/w320/lb.png,5490000
Lesotho,Kingdom of Lesotho,Maseru,"The flag of Lesotho is composed of three horizontal bands of blue, white and green in the ratio of 3:4:3. A black mokorotlo — a Basotho hat — is centered in the white band.",https://flagcdn.com/w320/ls.png,2116427
Liberia,Republic of Liberia,Monrovia,The flag of Liberia is composed of eleven equal horizontal bands of red alternating with white. A blue square bearing a five-pointed white star is superimposed in the canton.,https://flagcdn.com/w320/lr.png,5248621
Libya,State of Libya,Tripoli,"The flag of Libya is composed of three horizontal bands of red, black and green, with the black band twice the height of the other two bands. At the center of the black band is a fly-side facing white crescent and a five-pointed white star placed just outside the crescent opening.",https://flagcdn.com/w320/ly.png,7459000
Liechtenstein,Principality of Liechtenstein,Vaduz,"The flag of Liechtenstein is composed of two equal horizontal bands of blue and red, with a golden-yellow crown on the hoist side of the blue band.",https://flagcdn.com/w320/li.png,40900
Lithuania,Republic of Lithuania,Vilnius,"The flag of Lithuania is composed of three equal horizontal bands of yellow, green and red.",https://flagcdn.com/w320/lt.png,2894886
Luxembourg,Grand Duchy of Luxembourg,Luxembourg,"The flag of Luxembourg is composed of three equal horizontal bands of red, white and light blue.",https://flagcdn.com/w320/lu.png,681973
Macau,Macao Special Administrative Region of the People's Republic of China,no data,"The flag of Macau is green with a lotus flower above a stylized bridge and water in white, under an arc of five five-pointed gold stars.",https://flagcdn.com/w320/mo.png,685900
Madagascar,Republic of Madagascar,Antananarivo,"The flag of Madagascar features a white vertical band on the hoist side that takes up about one-third the width of the field, and two equal horizontal bands of red and green adjoining the vertical band.",https://flagcdn.com/w320/mg.png,31727042
Malawi,Republic of Malawi,Lilongwe,"The flag of Malawi is composed of three equal horizontal bands of black, red and green. The top half of a red sun with thirty-one visible rays is centered in the black band.",https://flagcdn.com/w320/mw.png,20734262
Malaysia,Malaysia,Kuala Lumpur,"The flag of Malaysia is composed of fourteen equal horizontal bands of red alternating with white. A blue rectangle, bearing a fly-side facing yellow crescent and a fourteen-pointed yellow star placed just outside the crescent opening, is superimposed in the canton.",https://flagcdn.com/w320/my.png,34231700
Maldives,Republic of the Maldives,Malé,"The flag of Maldives has a red field, at the center of which is a large green rectangle bearing a fly-side facing white crescent.",https://flagcdn.com/w320/mv.png,515132
Mali,Republic of Mali,Bamako,"The flag of Mali is composed of three equal vertical bands of green, yellow and red.",https://flagcdn.com/w320/ml.png,22395489
Malta,Republic of Malta,Valletta,The flag of Malta is composed of two equal vertical bands of white and red. A representation of the George cross edged in red is situated on the upper hoist-side corner of the white band.,https://flagcdn.com/w320/mt.png,574250
Marshall Islands,Republic of the Marshall Islands,Majuro,The flag of Marshall Islands has a blue field with two broadening adjacent diagonal bands of orange and white that extend from the lower hoist-side corner to the upper fly-side corner of the field. A large white star with twenty-four rays — four large rays at the cardinal points and twenty smaller rays — is situated in the upper hoist-side corner above the diagonal bands.,https://flagcdn.com/w320/mh.png,42418
Martinique,Martinique,Fort-de-France,"The flag of Martinique consists of a red triangle at the hoist, with two horizontal bands, the upper green and the lower black.",https://flagcdn.com/w320/mq.png,349925
Mauritania,Islamic Republic of Mauritania,Nouakchott,The flag of Mauritania has a green field with a thin red horizontal band at the top and bottom of the field. At the center of the field is a five-pointed yellow star above an upward facing yellow crescent.,https://flagcdn.com/w320/mr.png,4927532
Mauritius,Republic of Mauritius,Port Louis,"The flag of Mauritius is composed of four equal horizontal bands of red, blue, yellow and green.",https://flagcdn.com/w320/mu.png,1243741
Mayotte,Department of Mayotte,Mamoudzou,The flag of Mayotte bears a white field with the national coat of arms in the center and the country's name in red above it. The coat of arms consists of a shield supported by two seahorses and the national motto in a banner below it. The shield has a white fringe and bears a blue field with an upwards-facing white crescent on the top half and a red field with two yellow ylang-ylang flowers on the bottom half.,https://flagcdn.com/w320/yt.png,320901
Mexico,United Mexican States,Mexico City,"The flag of Mexico is composed of three equal vertical bands of green, white and red, with the national coat of arms centered in the white band.",https://flagcdn.com/w320/mx.png,130575786
Micronesia,Federated States of Micronesia,Palikir,"The flag of Micronesia has a light blue field, at the center of which are four five-pointed white stars arranged in the shape of a diamond.",https://flagcdn.com/w320/fm.png,105564
Moldova,Republic of Moldova,Chișinău,"The flag of Moldova is composed of three equal vertical bands of blue, yellow and red, with the national coat of arms centered in the yellow band.",https://flagcdn.com/w320/md.png,2749076
Monaco,Principality of Monaco,Monaco,The flag of Monaco is composed of two equal horizontal bands of red and white.,https://flagcdn.com/w320/mc.png,38423
Mongolia,Mongolia,Ulan Bator,"The flag of Mongolia is composed of three equal vertical bands of red, blue and red, with the national emblem — the Soyombo — in gold centered in the hoist-side red band.",https://flagcdn.com/w320/mn.png,3544835
Montenegro,Montenegro,Podgorica,The flag of Montenegro features a large red central rectangular area surrounded by a golden-yellow border. The coat of arms of Montenegro is centered in the red rectangle.,https://flagcdn.com/w320/me.png,623327
Montserrat,Montserrat,Plymouth,The flag of Montserrat is blue with the UK flag in the canton and the national coat of arms centered in the fly half. The coat of arms shows a woman in a green dress standing beside a yellow harp and embracing a large dark cross with her right arm.,https://flagcdn.com/w320/ms.png,4386
Morocco,Kingdom of Morocco,Rabat,The flag of Morocco features a green pentagram — a five-pointed linear star — centered on a red field.,https://flagcdn.com/w320/ma.png,36828330
Mozambique,Republic of Mozambique,Maputo,"The flag of Mozambique is composed of three equal horizontal bands of teal, black with white top and bottom edges, and yellow. A red isosceles triangle spanning about two-fifth the width of the field is superimposed on the hoist side with its base on the hoist end. This triangle bears a crossed rifle and hoe in black superimposed on an open white book which is superimposed on a five-pointed yellow star.",https://flagcdn.com/w320/mz.png,34090466
Myanmar,Republic of the Union of Myanmar,Naypyidaw,"The flag of Myanmar is composed of three equal horizontal bands of yellow, green and red, with a large five-pointed white star superimposed at the center of the field.",https://flagcdn.com/w320/mm.png,51316756
Namibia,Republic of Namibia,Windhoek,The flag of Namibia features a white-edged red diagonal band that extends from the lower hoist-side corner to the upper fly-side corner of the field. Above and beneath this band are a blue and green triangle respectively. A gold sun with twelve triangular rays is situated on the hoist side of the upper triangle.,https://flagcdn.com/w320/na.png,3022401
Nauru,Republic of Nauru,Yaren,The flag of Nauru has a dark blue field with a thin yellow horizontal band across the center and a large white twelve-pointed star beneath the horizontal band on the hoist side of the field.,https://flagcdn.com/w320/nr.png,11680
Nepal,Federal Democratic Republic of Nepal,Kathmandu,The flag of Nepal is the world's only non-quadrilateral flag of a sovereign country. It takes the shape of two adjoining right-angled triangles and has a crimson red field with deep blue edges. Within the smaller upper triangle is an emblem of the upper half of a white sun resting on an upward facing white crescent. The lower triangle bears a white sun with twelve rays.,https://flagcdn.com/w320/np.png,29911840
Netherlands,Kingdom of the Netherlands,Amsterdam,"The flag of the Netherlands is composed of three equal horizontal bands of red, white and blue.",https://flagcdn.com/w320/nl.png,18100436
New Caledonia,New Caledonia,Nouméa,"The flag of New Caledonia has three equal horizontal bands of blue, red, and green. A large yellow disk shifted slightly to the hoist side displays a black symbol of a native rooftop adornment.",https://flagcdn.com/w320/nc.png,264596
New Zealand,New Zealand,Wellington,"The flag of New Zealand has a dark blue field with the flag of the United Kingdom — the Union Jack — in the canton and a representation of the Southern Cross constellation, made up of four five-pointed white-edged red stars, on the fly side of the field.",https://flagcdn.com/w320/nz.png,5324700
Nicaragua,Republic of Nicaragua,Managua,"The flag of Nicaragua is composed of three equal horizontal bands of blue, white and blue, with the national coat of arms centered in the white band.",https://flagcdn.com/w320/ni.png,6803886
Niger,Republic of Niger,Niamey,"The flag of Niger features three equal horizontal bands of orange, white and green, with an orange circle centered in the white band.",https://flagcdn.com/w320/ne.png,26312034
Nigeria,Federal Republic of Nigeria,Abuja,"The flag of Nigeria is composed of three equal vertical bands of green, white and green.",https://flagcdn.com/w320/ng.png,223800000
Niue,Niue,Alofi,"The flag of Niue is yellow with the UK flag in the canton. The UK flag has five yellow five-pointed stars, with a large star on a blue disk in the center and smaller stars on each arm of the red cross.",https://flagcdn.com/w320/nu.png,1681
Norfolk Island,Territory of Norfolk Island,Kingston,"The flag of Norfolk Island has three vertical bands of green, white, and green, with a large green native pine tree centered in the white band.",https://flagcdn.com/w320/nf.png,2188
North Korea,Democratic People's Republic of Korea,Pyongyang,"The flag of North Korea is composed of three horizontal bands — a large central white-edged red band, and a blue band above and beneath the red band. On the hoist side of the red band is a red five-pointed star within a white circle.",https://flagcdn.com/w320/kp.png,25950000
North Macedonia,Republic of North Macedonia,Skopje,"The flag of North Macedonia has a red field, at the center of which is a golden-yellow sun with eight broadening rays that extend to the edges of the field.",https://flagcdn.com/w320/mk.png,1822612
Northern Mariana Islands,Commonwealth of the Northern Mariana Islands,Saipan,"The flag of the Northern Mariana Islands is blue with a five-pointed white star on a gray latte stone (a traditional foundation stone) in the center, surrounded by a head lei (wreath).",https://flagcdn.com/w320/mp.png,47329
Norway,Kingdom of Norway,Oslo,The flag of Norway has a red field with a large white-edged navy blue cross that extends to the edges of the field. The vertical part of this cross is offset towards the hoist side.,https://flagcdn.com/w320/no.png,5606944
Oman,Sultanate of Oman,Muscat,"The flag of Oman features a red vertical band on the hoist side that takes up about one-fourth the width of the field, and three equal horizontal bands of white, red and green adjoining the vertical band. At the top of the vertical band is the white emblem of Oman.",https://flagcdn.com/w320/om.png,5343630
Pakistan,Islamic Republic of Pakistan,Islamabad,The flag of Pakistan is composed of a white vertical band on its hoist side that takes up about one-fourth the width of the field and a dark green rectangular area that spans the rest of the field. A white fly-side facing crescent and five-pointed star are centered in the dark green area.,https://flagcdn.com/w320/pk.png,241499431
Palau,Republic of Palau,Ngerulmud,The flag of Palau has a light blue field with a large golden-yellow circle that is offset slightly towards the hoist side of center.,https://flagcdn.com/w320/pw.png,16733
Palestine,State of Palestine,Jerusalem,"The flag of Palestine has three equal horizontal stripes of black, white, and green overlaid by a red triangle issuing from the hoist.",https://flagcdn.com/w320/ps.png,5483450
Palestine,State of Palestine,Ramallah,"The flag of Palestine has three equal horizontal stripes of black, white, and green overlaid by a red triangle issuing from the hoist.",https://flagcdn.com/w320/ps.png,5483450
Panama,Republic of Panama,Panama City,"The flag of Panama is composed of four equal rectangular areas — a white rectangular area with a blue five-pointed star at its center, a red rectangular area, a white rectangular area with a red five-pointed star at its center, and a blue rectangular area — in the upper hoist side, upper fly side, lower fly side and lower hoist side respectively.",https://flagcdn.com/w320/pa.png,4064780
Papua New Guinea,Independent State of Papua New Guinea,Port Moresby,"The flag of Papua New Guinea is divided diagonally, from the upper hoist-side corner to the lower fly-side corner, into a lower black and an upper red triangle. On the hoist side of the lower black triangle is a representation of the Southern Cross constellation made up of one small and four larger five-pointed white stars. A golden Raggiana bird-of-paradise is situated on the fly side of the upper red triangle.",https://flagcdn.com/w320/pg.png,11781559
Paraguay,Republic of Paraguay,Asunción,"The flag of Paraguay features three equal horizontal bands of red, white and blue, with an emblem centered in the white band. On the obverse side of the flag depicted, this emblem is the national coat of arms.",https://flagcdn.com/w320/py.png,6109644
Peru,Republic of Peru,Lima,"The flag of Peru is composed of three equal vertical bands of red, white and red, with the national emblem centered in the white band.",https://flagcdn.com/w320/pe.png,34350244
Philippines,Republic of the Philippines,Manila,"The flag of Philippines is composed of two equal horizontal bands of blue and red, with a white equilateral triangle superimposed on the hoist side of the field. This triangle has its base on the hoist end, spans about two-fifth the width of the field and bears a central golden-yellow sun with eight rays and a five-pointed golden-yellow star at each vertex.",https://flagcdn.com/w320/ph.png,114123600
Pitcairn Islands,Pitcairn Group of Islands,Adamstown,"The flag of the Pitcairn Islands is blue with the UK flag in the canton and the national coat of arms centered on the fly half. The coat of arms has a light-blue shield with a green field which features a yellow anchor with a Bible over it. A wheelbarrow is on the crest, with a flowering twig of miro, a local plant.",https://flagcdn.com/w320/pn.png,35
Poland,Republic of Poland,Warsaw,The flag of Poland is composed of two equal horizontal bands of white and red.,https://flagcdn.com/w320/pl.png,37392000
Portugal,Portuguese Republic,Lisbon,"The flag of Portugal is composed of two vertical bands of green and red in the ratio of 2:3, with the coat of arms of Portugal centered over the two-color boundary.",https://flagcdn.com/w320/pt.png,10749635
Puerto Rico,Commonwealth of Puerto Rico,San Juan,The flag of Puerto Rico has five equal horizontal bands of red alternating with white. A blue isosceles triangle based on the hoist side has a large five-pointed white star in the center.,https://flagcdn.com/w320/pr.png,3203295
Qatar,State of Qatar,Doha,"The flag of Qatar has a maroon field, on the hoist side of which is a white vertical band that spans about one-third the width of the field and is separated from the rest of the field by nine adjoining fly-side pointing white isosceles triangles that serve as a serrated line.",https://flagcdn.com/w320/qa.png,3173024
Republic of the Congo,Republic of the Congo,Brazzaville,The flag of the Republic of the Congo features a yellow diagonal band that extends from the lower hoist-side corner to the upper fly-side corner of the field. Above and beneath this band are a green and red triangle respectively.,https://flagcdn.com/w320/cg.png,6142180
Romania,Romania,Bucharest,"The flag of Romania is composed of three equal vertical bands of navy blue, yellow and red.",https://flagcdn.com/w320/ro.png,19036031
Russia,Russian Federation,Moscow,"The flag of Russia is composed of three equal horizontal bands of white, blue and red.",https://flagcdn.com/w320/ru.png,146028325
Rwanda,Republic of Rwanda,Kigali,"The flag of Rwanda is composed of three horizontal bands of light blue, yellow and green. The light blue band is twice the height of the other two bands and bears a yellow sun with twenty-four rays on its fly side.",https://flagcdn.com/w320/rw.png,14104969
Réunion,Réunion Island,Saint-Denis,"The flag of Réunion has a blue field, with a red triangle spanning the bottom and extending to the center, as well as five yellow beams emanating from the center, spread equally apart.",https://flagcdn.com/w320/re.png,896175
Saint Barthélemy,Collectivity of Saint Barthélemy,Gustavia,"The flag of Saint Barthélemy features the national coat of arms centered on a white field. The coat of arms is a shield divided into three horizontal stripes: three gold fleurs-de-lis on blue, above a white Maltese cross on red, over three gold crowns on blue. Below the shield is a banner with ""OUANALAO,"" which is what the indigenous people called the island. On top of the shield is a mural crown.",https://flagcdn.com/w320/bl.png,10562
"Saint Helena, Ascension and Tristan da Cunha","Saint Helena, Ascension and Tristan da Cunha",Jamestown,"The flag of Saint Helena, Ascension and Tristan da Cunha is blue with the UK flag in the canton and the national coat of arms shield centered on the fly half. The upper third of the shield depicts a white plover, a native bird, on a yellow field. The rest of the shield depicts a rocky coastline and a three-masted sailing ship with sails furled and flying an English flag.",https://flagcdn.com/w320/sh.png,5651
Saint Kitts and Nevis,Federation of Saint Christopher and Nevis,Basseterre,The flag of Saint Kitts and Nevis features two large five-pointed white stars within a yellow-edged black diagonal band that extends from the lower hoist-side corner to the upper fly-side corner of the field. Above and beneath this band are a green and red triangle respectively.,https://flagcdn.com/w320/kn.png,51320
Saint Lucia,Saint Lucia,Castries,"The flag of Saint Lucia has a light blue field, at the center of which are two triangles which share a common base — a small golden-yellow isosceles triangle superimposed on a large white-edged black isosceles triangle.",https://flagcdn.com/w320/lc.png,184100
Saint Martin,Saint Martin,Marigot,"The flag of Saint Martin is composed of three equal vertical bands of blue, white and red.",https://flagcdn.com/w320/mf.png,31496
Saint Pierre and Miquelon,Saint Pierre and Miquelon,Saint-Pierre,"The flag of Saint Pierre and Miquelon features a yellow three-masted sailing ship facing the hoist side riding on a blue background with wavy white lines. A black-over-white wavy line divides the ship from the white wavy lines. On the hoist side, a vertical band is divided into three heraldic arms: the top is red with a green diagonal cross extending to the corners and overlaid with a white cross, the middle is white with an ermine pattern, and the bottom is red with two yellow lions outlined in black.",https://flagcdn.com/w320/pm.png,5819
Saint Vincent and the Grenadines,Saint Vincent and the Grenadines,Kingstown,"The flag of Saint Vincent and the Grenadines is composed of three vertical bands of blue, gold and green. The gold band is twice as wide as the other two bands and bears three green diamonds arranged to form the letter V at its center.",https://flagcdn.com/w320/vc.png,110872
Samoa,Independent State of Samoa,Apia,"The flag of Samoa has a red field. A blue rectangle, bearing a representation of the Southern Cross made up of five large and one smaller five-pointed white stars, is superimposed in the canton.",https://flagcdn.com/w320/ws.png,205557
San Marino,Republic of San Marino,City of San Marino,"The flag of San Marino is composed of two equal horizontal bands of white and light blue, with the national coat of arms superimposed in the center.",https://flagcdn.com/w320/sm.png,34132
Saudi Arabia,Kingdom of Saudi Arabia,Riyadh,"The flag of Saudi Arabia has a green field, at the center of which is an Arabic inscription — the Shahada — in white above a white horizontal sabre with its tip pointed to the hoist side of the field.",https://flagcdn.com/w320/sa.png,35300280
Senegal,Republic of Senegal,Dakar,"The flag of Senegal is composed of three equal vertical bands of green, golden-yellow and red, with a five-pointed green star centered in the golden-yellow band.",https://flagcdn.com/w320/sn.png,18593258
Serbia,Republic of Serbia,Belgrade,"The flag of Serbia is composed of three equal horizontal bands of red, blue and white. The coat of arms of Serbia is superimposed at the center of the field slightly towards the hoist side.",https://flagcdn.com/w320/rs.png,6567783
Seychelles,Republic of Seychelles,Victoria,"The flag of Seychelles is composed of five broadening oblique bands of blue, yellow, red, white and green, which extend from the hoist side of the bottom edge to the top and fly edges of the field.",https://flagcdn.com/w320/sc.png,122729
Sierra Leone,Republic of Sierra Leone,Freetown,"The flag of Sierra Leone is composed of three equal horizontal bands of green, white and blue.",https://flagcdn.com/w320/sl.png,9077691
Singapore,Republic of Singapore,Singapore,The flag of Singapore is composed of two equal horizontal bands of red and white. On the hoist side of the red band is a fly-side facing white crescent which partially encloses five small five-pointed white stars arranged in the shape of a pentagon.,https://flagcdn.com/w320/sg.png,6110200
Sint Maarten,Sint Maarten,Philipsburg,"The flag of Sint Maarten features two equal horizontal bands of red and blue, with a white isosceles triangle based on the hoist side. The center of the triangle displays the national coat of arms with an orange-bordered blue shield that prominently displays a white courthouse, as well as yellow sage in the upper left and the silhouette of a monument in the upper right. Over the shield is a yellow rising sun and a brown pelican in flight. A yellow scroll below the shield has the Latin motto ""SEMPER PROGREDIENS"" (Always Progressing).",https://flagcdn.com/w320/sx.png,41349
Slovakia,Slovak Republic,Bratislava,"The flag of Slovakia is composed of three equal horizontal bands of white, blue and red. The coat of arms of Slovakia is superimposed at the center of the field slightly towards the hoist side.",https://flagcdn.com/w320/sk.png,5413813
Slovenia,Republic of Slovenia,Ljubljana,"The flag of Slovenia is composed of three equal horizontal bands of white, blue and red. The national coat of arms is situated in the upper hoist side of the field centered on the boundary between the white and blue bands.",https://flagcdn.com/w320/si.png,2130638
Solomon Islands,Solomon Islands,Honiara,The flag of Solomon Islands features a thin yellow diagonal band that extends from the lower hoist-side corner to the upper fly-side corner of the field. Above and beneath this band are a blue and green triangle respectively. Five white five-pointed stars arranged in an X shape are situated on the hoist side of the upper blue triangle.,https://flagcdn.com/w320/sb.png,750325
Somalia,Federal Republic of Somalia,Mogadishu,The flag of Somalia features a large five-pointed white star centered on a light blue field.,https://flagcdn.com/w320/so.png,19655000
South Africa,Republic of South Africa,Pretoria,"The flag of South Africa is composed of two equal horizontal bands of red and blue, with a yellow-edged black isosceles triangle superimposed on the hoist side of the field. This triangle has its base centered on the hoist end, spans about two-fifth the width and two-third the height of the field, and is enclosed on its sides by the arms of a white-edged green horizontally oriented Y-shaped band which extends along the boundary of the red and blue bands to the fly end of the field.",https://flagcdn.com/w320/za.png,63100945
South Africa,Republic of South Africa,Bloemfontein,"The flag of South Africa is composed of two equal horizontal bands of red and blue, with a yellow-edged black isosceles triangle superimposed on the hoist side of the field. This triangle has its base centered on the hoist end, spans about two-fifth the width and two-third the height of the field, and is enclosed on its sides by the arms of a white-edged green horizontally oriented Y-shaped band which extends along the boundary of the red and blue bands to the fly end of the field.",https://flagcdn.com/w320/za.png,63100945
South Africa,Republic of South Africa,Cape Town,"The flag of South Africa is composed of two equal horizontal bands of red and blue, with a yellow-edged black isosceles triangle superimposed on the hoist side of the field. This triangle has its base centered on the hoist end, spans about two-fifth the width and two-third the height of the field, and is enclosed on its sides by the arms of a white-edged green horizontally oriented Y-shaped band which extends along the boundary of the red and blue bands to the fly end of the field.",https://flagcdn.com/w320/za.png,63100945
South Georgia,South Georgia and the South Sandwich Islands,King Edward Point,"The flag of South Georgia is blue with the UK flag in the canton. The national coat of arms is centered on the fly half and has a green shield with a golden lion holding a torch. A fur seal is to the left of the shield and a Macaroni penguin to the right. A reindeer appears above the crest, and below the shield on a scroll is the Latin motto ""LEO TERRAM PROPRIAM PROTEGAT"" (Let the Lion Protect its Own Land).",https://flagcdn.com/w320/gs.png,0
South Korea,Republic of Korea,Seoul,"The flag of South Korea has a white field, at the center of which is a red and blue Taegeuk circle surrounded by four black trigrams, one in each corner.",https://flagcdn.com/w320/kr.png,51159889
South Sudan,Republic of South Sudan,Juba,"The flag of South Sudan is composed of three equal horizontal bands of black, red with white top and bottom edges, and green. A blue equilateral triangle which spans about two-fifth the width of the field is superimposed on the hoist side with its base on the hoist end of the field. At the center of this triangle is a five-pointed yellow star.",https://flagcdn.com/w320/ss.png,15786898
Spain,Kingdom of Spain,Madrid,"The flag of Spain is composed of three horizontal bands of red, yellow and red, with the yellow band twice the height of the red bands. In the yellow band is the national coat of arms offset slightly towards the hoist side of center.",https://flagcdn.com/w320/es.png,49315949
Sri Lanka,Democratic Socialist Republic of Sri Lanka,Sri Jayawardenepura Kotte,"The flag of Sri Lanka features two large adjacent but separate rectangular areas, centered on a golden-yellow field. The smaller hoist-side rectangle is divided into two equal vertical bands of teal and orange, and the larger fly-side rectangle is maroon with a centered golden-yellow lion holding a Kastane sword in its right fore-paw and four golden-yellow Bo leaves, one in each corner.",https://flagcdn.com/w320/lk.png,21763170
Sudan,Republic of the Sudan,Khartoum,"The flag of Sudan is composed of three equal horizontal bands of red, white and black, with a green isosceles triangle superimposed on the hoist side. The green triangle spans about two-fifth the width of the field with its base on the hoist end.",https://flagcdn.com/w320/sd.png,51662000
Suriname,Republic of Suriname,Paramaribo,"The flag of Suriname is composed of five horizontal bands of green, white, red, white and green in the ratio of 2:1:4:1:2. A large five-pointed yellow star is centered in the red band.",https://flagcdn.com/w320/sr.png,616500
Svalbard and Jan Mayen,Svalbard og Jan Mayen,Longyearbyen,The flag of Svalbard and Jan Mayen has a red field with a large white-edged navy blue cross that extends to the edges of the field. The vertical part of this cross is offset towards the hoist side.,https://flagcdn.com/w320/sj.png,2530
Sweden,Kingdom of Sweden,Stockholm,The flag of Sweden has a blue field with a large golden-yellow cross that extend to the edges of the field. The vertical part of this cross is offset towards the hoist side.,https://flagcdn.com/w320/se.png,10605098
Switzerland,Swiss Confederation,Bern,The flag of Switzerland is square shaped. It features a white Swiss cross centered on a red field.,https://flagcdn.com/w320/ch.png,9082848
Syria,Syrian Arab Republic,Damascus,"The flag of Syria is composed of three equal horizontal bands of red, white and black. At the center of the white band are two small five-pointed green stars arranged in a horizontal line.",https://flagcdn.com/w320/sy.png,25620000
São Tomé and Príncipe,Democratic Republic of São Tomé and Príncipe,São Tomé,"The flag of São Tomé and Príncipe has three horizontal bands of green, yellow (double-width), and green, with two black five-pointed stars in the center of the yellow band and a red isosceles triangle based on the hoist side.",https://flagcdn.com/w320/st.png,209607
Taiwan,Republic of China (Taiwan),Taipei,"The flag of Taiwan has a red field with a dark blue rectangle in the canton, bearing a white sun with 12 triangular rays.",https://flagcdn.com/w320/tw.png,23317031
Tajikistan,Republic of Tajikistan,Dushanbe,"The flag of Tajikistan is composed of three horizontal bands of red, white and green in the ratio of 2:3:2. A golden-yellow crown surmounted by an arc of seven five-pointed golden-yellow stars is centered in the white band.",https://flagcdn.com/w320/tj.png,10499000
Tanzania,United Republic of Tanzania,Dodoma,The flag of Tanzania features a yellow-edged black diagonal band that extends from the lower hoist-side corner to the upper fly-side corner of the field. Above and beneath this band are a green and light blue triangle respectively.,https://flagcdn.com/w320/tz.png,68153004
Thailand,Kingdom of Thailand,Bangkok,"The flag of Thailand is composed of five horizontal bands of red, white, blue, white and red, with the central blue band twice the height of the other four bands.",https://flagcdn.com/w320/th.png,65859640
Timor-Leste,Democratic Republic of Timor-Leste,Dili,"The flag of Timor-Leste has a red field with two isosceles triangles which share a common base on the hoist end. The smaller black triangle, which bears a five-pointed white star at its center and spans one-third the width of the field, is superimposed on the larger yellow triangle that extends to the center of the field.",https://flagcdn.com/w320/tl.png,1391221
Togo,Togolese Republic,Lomé,The flag of Togo is composed of five equal horizontal bands of green alternating with yellow. A red square bearing a five-pointed white star is superimposed in the canton.,https://flagcdn.com/w320/tg.png,8095498
Tokelau,Tokelau,Fakaofo,The flag of Tokelau features a yellow stylized canoe on a dark blue field sailing toward the Southern Cross constellation with four white five-pointed stars at the hoist side.,https://flagcdn.com/w320/tk.png,2608
Tonga,Kingdom of Tonga,Nuku'alofa,The flag of Tonga has a red field. A white rectangle bearing a red Greek cross is superimposed in the canton.,https://flagcdn.com/w320/to.png,100179
Trinidad and Tobago,Republic of Trinidad and Tobago,Port of Spain,The flag of Trinidad and Tobago has a red field with a white-edged black diagonal band that extends from the upper hoist-side corner to the lower fly-side corner of the field.,https://flagcdn.com/w320/tt.png,1367764
Tunisia,Tunisian Republic,Tunis,The flag of Tunisia has a red field. A white circle bearing a five-pointed red star within a fly-side facing red crescent is situated at the center of the field.,https://flagcdn.com/w320/tn.png,11972169
Turkey,Republic of Turkey,Ankara,The flag of Turkey has a red field bearing a large fly-side facing white crescent and a smaller five-pointed white star placed just outside the crescent opening. The white crescent and star are offset slightly towards the hoist side of center.,https://flagcdn.com/w320/tr.png,85664944
Turkmenistan,Turkmenistan,Ashgabat,"The flag of Turkmenistan has a green field. It features a red vertical band, bearing five carpet guls stacked above two crossed olive branches, near the hoist end of the field. Just to the fly side of the vertical band near the top edge of the field is a hoist-side facing white crescent and five small five-pointed white stars placed just outside the crescent opening.",https://flagcdn.com/w320/tm.png,7057841
Turks and Caicos Islands,Turks and Caicos Islands,Cockburn Town,"The flag of the Turks and Caicos Islands is blue with the UK flag in the canton and the colonial shield centered on the fly half. The shield is yellow and displays a conch shell, a spiny lobster, and a cactus.",https://flagcdn.com/w320/tc.png,50828
Tuvalu,Tuvalu,Funafuti,The flag of Tuvalu has a light blue field with the flag of the United Kingdom — the Union Jack — in the canton. A representation of the country's nine Islands using nine five-pointed yellow stars is situated in the fly half of the field.,https://flagcdn.com/w320/tv.png,10643
Uganda,Republic of Uganda,Kampala,"The flag of Uganda is composed of six equal horizontal bands of black, yellow, red, black, yellow and red. A white circle bearing a hoist-side facing grey red-crested crane is superimposed in the center of the field.",https://flagcdn.com/w320/ug.png,45905417
Ukraine,Ukraine,Kyiv,The flag of Ukraine is composed of two equal horizontal bands of blue and yellow.,https://flagcdn.com/w320/ua.png,32862000
United Arab Emirates,United Arab Emirates,Abu Dhabi,"The flag of United Arab Emirates features a red vertical band on its hoist side that takes up about one-fourth the width of the field and three equal horizontal bands of green, white and black adjoining the vertical band.",https://flagcdn.com/w320/ae.png,11294243
United Kingdom,United Kingdom of Great Britain and Northern Ireland,London,The flag of the United Kingdom — the Union Jack — has a blue field. It features the white-edged red cross of Saint George superimposed on the diagonal red cross of Saint Patrick which is superimposed on the diagonal white cross of Saint Andrew.,https://flagcdn.com/w320/gb.png,69281437
United States,United States of America,"Washington, D.C.","The flag of the United States of America is composed of thirteen equal horizontal bands of red alternating with white. A blue rectangle, bearing fifty small five-pointed white stars arranged in nine rows where rows of six stars alternate with rows of five stars, is superimposed in the canton.",https://flagcdn.com/w320/us.png,340110988
United States Minor Outlying Islands,United States Minor Outlying Islands,Washington DC,"The flag of the United States Minor Outlying Islands is composed of thirteen equal horizontal bands of red alternating with white. A blue rectangle, bearing fifty small five-pointed white stars arranged in nine rows where rows of six stars alternate with rows of five stars, is superimposed in the canton.",https://flagcdn.com/w320/um.png,0
United States Virgin Islands,Virgin Islands of the United States,Charlotte Amalie,"The flag of the United States Virgin Islands is composed of a white field with the national coat of arms in the center between the large blue initials V and I. The coat of arms shows a yellow eagle holding an olive branch in its right talon and three arrows in the left, with a shield of seven red and six white vertical stripes below a blue panel.",https://flagcdn.com/w320/vi.png,87146
Uruguay,Oriental Republic of Uruguay,Montevideo,"The flag of Uruguay is composed of nine equal horizontal bands of white alternating with blue, with a white square superimposed in the canton. In the white square is a yellow sun bearing a human face — the Sun of May — from which sixteen rays extend. The sun's rays alternate between triangular and wavy.",https://flagcdn.com/w320/uy.png,3499451
Uzbekistan,Republic of Uzbekistan,Tashkent,"The flag of Uzbekistan is composed of three equal horizontal bands of turquoise, white with red top and bottom edges, and green. On the hoist side of the turquoise band is a fly-side facing white crescent and twelve five-pointed white stars arranged just outside the crescent opening in three rows comprising three, four and five stars.",https://flagcdn.com/w320/uz.png,37859698
Vanuatu,Republic of Vanuatu,Port Vila,"The flag of Vanuatu is composed of two equal horizontal bands of red and green, with a black isosceles triangle superimposed on the hoist side of the field. This triangle has its base on the hoist end, spans about two-fifth the width of the field and is enclosed on its sides by the arms of a thin black-edged yellow horizontally oriented Y-shaped band which extends along the boundary of the red and green bands to the fly end of the field. A yellow boar's tusk encircling two yellow crossed namele leaves is centered in the triangle.",https://flagcdn.com/w320/vu.png,321409
Vatican City,Vatican City State,Vatican City,"The flag of Vatican City is square shaped. It is composed of two equal vertical bands of yellow and white, with national coat of arms centered in the white band. The national coat of arms comprises the Papal Tiara superimposed on two crossed keys.",https://flagcdn.com/w320/va.png,882
Venezuela,Bolivarian Republic of Venezuela,Caracas,"The flag of Venezuela is composed of three equal horizontal bands of yellow, blue and red. At the center of the blue band are eight five-pointed white stars arranged in a horizontal arc.",https://flagcdn.com/w320/ve.png,28517000
Vietnam,Socialist Republic of Vietnam,Hanoi,The flag of Vietnam features a large five-pointed yellow star on a red field.,https://flagcdn.com/w320/vn.png,101343800
Wallis and Futuna,Territory of the Wallis and Futuna Islands,Mata-Utu,"The flag of Wallis and Futuna has a red field with four white isosceles triangles in the middle. The apexes of the triangles are oriented inward and at right angles to each other. The flag of France, outlined in white on two sides, is in the canton.",https://flagcdn.com/w320/wf.png,11620
Western Sahara,Sahrawi Arab Democratic Republic,El Aaiún,"The flag of Western Sahara has three equal horizontal stripes of black, white, and green overlaid by a red triangle issuing from the hoist. Centered in the white band is a red fly-facing crescent surrounding a red five-pointed star.",https://flagcdn.com/w320/eh.png,600904
Yemen,Republic of Yemen,Sana'a,"The flag of Yemen is composed of three equal horizontal bands of red, white and black.",https://flagcdn.com/w320/ye.png,32684503
Zambia,Republic of Zambia,Lusaka,"The flag of Zambia has a green field, on the fly side of which is a soaring orange African fish eagle above a rectangular area divided into three equal vertical bands of red, black and orange.",https://flagcdn.com/w320/zm.png,19693423
Zimbabwe,Republic of Zimbabwe,Harare,"The flag of Zimbabwe is composed of seven equal horizontal bands of green, yellow, red, black, red, yellow and green, with a white isosceles triangle superimposed on the hoist side of the field. This triangle is edged in black, spans about one-fourth the width of the field and has its base on the hoist end. A yellow Zimbabwe Bird superimposed on a five-pointed red star is centered in the triangle.",https://flagcdn.com/w320/zw.png,17073087
Åland Islands,Åland Islands,Mariehamn,The flag of the Åland Islands has a blue field with a large golden-yellow-edged red cross that extends to the edges of the field. The vertical part of this cross is offset towards the hoist side.,https://flagcdn.com/w320/ax.png,30654
